# Vulkan -ub 2048 vs 4096 at -r 3, prefill only, 2026-09-09.
# Re-tests the two cells where -ub 4096 regressed at -r 1, plus their -fa 1 controls.
# -b is held equal to -ub, matching how both prior runs were measured.
#
# RESULT: the regression is real. Both -fa 0 cells lose ~8% going 2048 -> 4096,
# at standard deviations under 0.2 — the 35B gap is ~50 sigma. Both -fa 1 cells
# are flat or positive. Every -r 3 value reproduces its -r 1 counterpart from
# 2026-09-08/09 to within 0.2%, so the single-repeat sweep was sound.
#
#   model  fa  ctx    ub2048           ub4096           delta
#   35B     0  16384  156.39 +/- 0.09  143.93 +/- 0.16  -8.0 %
#   35B     1  16384  151.55 +/- 0.14  157.71 +/- 0.02  +4.1 %
#   gemma   0   4096  166.42 +/- 0.02  151.98 +/- 0.03  -8.7 %
#   gemma   1   4096  179.36 +/- 0.00  176.93 +/- 0.17  -1.4 %
#
# The 35B/ub2048 pair was measured before a hard machine crash (CPU undervolt
# fault, no amdgpu message in dmesg); the rest was measured after the reboot.
model	fa	context	ubatch	prefill_t_per_s	stddev
35B	0	16384	2048	156.39	0.09
35B	1	16384	2048	151.55	0.14
35B	0	16384	4096	143.93	0.16
35B	1	16384	4096	157.71	0.02
gemma	0	4096	2048	166.42	0.02
gemma	1	4096	2048	179.36	0.00
gemma	0	4096	4096	151.98	0.03
gemma	1	4096	4096	176.93	0.17
